﻿<parameters>
  <parameter name="IIS Web Application Name" defaultValue="newnet/WebApplication2_deploy" tags="IisApp">
    <parameterEntry kind="ProviderPath" scope="IisApp" match="^C:\\Users\\1\\documents\\visual\ studio\ 2010\\Projects\\WebApplication2\\WebApplication2\\obj\\Debug\\Package\\PackageTmp$" />
    <parameterEntry kind="ProviderPath" scope="setAcl" match="^C:\\Users\\1\\documents\\visual\ studio\ 2010\\Projects\\WebApplication2\\WebApplication2\\obj\\Debug\\Package\\PackageTmp$" />
  </parameter>
  <parameter name="Add write permission to App_Data Folder" description="Add write permission to App_Data folder" defaultValue="{IIS Web Application Name}/App_Data" tags="Hidden">
    <parameterEntry kind="ProviderPath" scope="setAcl" match="^C:\\Users\\1\\documents\\visual\ studio\ 2010\\Projects\\WebApplication2\\WebApplication2\\obj\\Debug\\Package\\PackageTmp\\App_Data$" />
  </parameter>
  <parameter name="ConnectionString-развертывание Connection String" defaultValue="Data Source=.\SQLEXPRESS;AttachDbFilename='C:\Users\1\documents\visual studio 2010\Projects\WebApplication2\WebApplication2\App_Data\NetDB.mdf';Integrated Security=True;User Instance=True;" tags="SqlConnectionString">
    <parameterEntry kind="ProviderPath" scope="dbFullSql" match="^C:\\Users\\1\\documents\\visual\ studio\ 2010\\Projects\\WebApplication2\\WebApplication2\\obj\\Debug\\AutoScripts\\ConnectionString-развертывание_DataOnly\.sql$" />
  </parameter>
  <parameter name="ConnectionString-Web.config Connection String" description="ConnectionString Строка подключения в web.config, используемая приложением для доступа к базе данных." defaultValue="Data Source=.\SQLEXPRESS;AttachDbFilename=|DataDirectory|\NetDB.mdf;Integrated Security=True;User Instance=True" tags="SqlConnectionString">
    <parameterEntry kind="XmlFile" scope="C:\\Users\\1\\documents\\visual\ studio\ 2010\\Projects\\WebApplication2\\WebApplication2\\obj\\Debug\\Package\\PackageTmp\\Web\.config$" match="/configuration/connectionStrings/add[@name='ConnectionString']/@connectionString" />
  </parameter>
</parameters>